{"Train loss": 0.01506376799196005, "Valid loss": 0.04164304854348302, "_timestamp": 1700238316.6294422, "_runtime": 12218.370393276215, "_step": 31, "_wandb": {"runtime": 12267}}